Title,Price,Date
"PatrocinadoPatrocinado Você está vendo este anúncio com base na relevância do produto para sua consulta de pesquisa.Deixe uma avaliação sobre o anúncio  Computador Completo Intel Core i5 16GB SSD 256GB Monitor 17"" 4 Núcleos Super Turbo Pc Hdmi Teclado e Mouse Strong Tech","R$ 1.195,01R$1.195,01",2023-07-29
PatrocinadoPatrocinado Você está vendo este anúncio com base na relevância do produto para sua consulta de pesquisa.Deixe uma avaliação sobre o anúncio  Computador Completo Pc Cpu Intel Core i7 8GB SSD 256GB Monitor 17 Hdmi Strong Tech,"R$ 1.262,02R$1.262,02",2023-07-29
"PatrocinadoPatrocinado Você está vendo este anúncio com base na relevância do produto para sua consulta de pesquisa.Deixe uma avaliação sobre o anúncio  Monitor Portátil Touch 15.6"" IPS Full HD 60hz Elements Schnap","R$ 1.500,02R$1.500,02",2023-07-29
"PatrocinadoPatrocinado Você está vendo este anúncio com base na relevância do produto para sua consulta de pesquisa.Deixe uma avaliação sobre o anúncio  HUION Drawing Tablet Kamvas 13 Monitor de desenho gráfico com tela de 13,3 polegadas com tela laminada completa (verde)","R$ 1.599,02R$1.599,02",2023-07-29
"Monitor AOC 21.5"" VGA e HDMI e painel VA, preta, pequeno, 22B1HM5","R$ 2.599,00R$2.599,00",2023-07-29
"Monitor AOC 23,8""","R$ 1.421,49R$1.421,49",2023-07-29
"Monitor LG 19.5'' LED HD - HDMI, 2ms, Ajuste de Inclinação, Reader Mode, 4-Screen Split, - 20MK400H-B","R$ 629,10R$629,10",2023-07-29
"Monitor Primetek 22h2f 21,5 Led Vga Hdmi Ful Hd 75hz","R$ 939,00R$939,00",2023-07-29
Monitor Gamer Primetek 27h2g 27 Full Hd Led Hdmi Displayport 165hz,"R$ 419,90R$419,90",2023-07-29
"Anvazise Extensor de tela de laptop, monitor de computador portátil de 11,6 polegadas, monitor de computador portátil giratório, tela secundária","R$ 454,53R$454,53",2023-07-29
"Anvazise Monitor Portátil,14.1 ''FHD IPS Laptop Screen Extender Travel Gaming Monitor Externo para Laptop PC Phone","R$ 479,00R$479,00",2023-07-29
"Monitor Extream 19"", Led, Hd, 5ms, Hdmi, Vga, Vesa, Ajuste de Angulo","R$ 849,00R$849,00",2023-07-29
MONITOR LG GAMER 21.5' 22MP410-B.AWZM FULL HD 75HZ AMD FREESYNC,"R$ 999,00R$999,00",2023-07-29
"Monitor Gamer Pichau Centauri CR27, 27 Pol IPS, QHD, 1ms, 165Hz, FreeSync, HDMI/DP, PG-CTR-BL01","R$ 599,00R$599,00",2023-07-29
"PHILIPS Monitor 21.5"" VA com HDMI - 221V8L, Preto, pequeno","R$ 739,00R$739,00",2023-07-29
"Samsung T350 - Monitor Gamer, 24"", FHD, 75Hz, HDMI, VGA, Freesync, Preto","R$ 849,00R$849,00",2023-07-29
"Monitor Gamer Mancer Horizon Z21, 21.45 Pol. Va, Full HD, 1ms, 75Hz, Freesync/G-Sync, VGA/HDMI, MCR-HZN21-BL1","R$ 299,90R$299,90",2023-07-29
Monitor Gamer AOC SPEED 24 75Hz IPS 1ms 24G2HE5,"R$ 507,00R$507,00",2023-07-29
"Monitor LG Widescreen 24MK430H - 23.8"" LED, Full HD IPS, HDMI","R$ 599,90R$599,90",2023-07-29
"Monitor Philips 18.5"" LED HDMI 193V5LHSB2","R$ 1.499,90R$1.499,90",2023-07-29
MONITOR GAMER ALIENWARE 25” 360 HZ AW2523HF,"R$ 489,00R$489,00",2023-07-29
"Monitor para PC Full HD UltraWide LG LED IPS 29” - 29WK600, multi-color","R$ 579,00R$579,00",2023-07-29
"Monitor LED 22"" Full HD Frameless 75Hz HDMI Widescreen VESA Ajuste de inclinação HQ 22HQ-LEDSB","R$ 668,00R$668,00",2023-07-29
"Monitor LG Widescreen 24MP400-23.8', Preto","R$ 729,90R$729,90",2023-07-29
Monitor Led HQ 19.5' HQ19.5 WHQ-Led HDMI preto,"R$ 509,90R$509,90",2023-07-29
"PatrocinadoPatrocinado Você está vendo este anúncio com base na relevância do produto para sua consulta de pesquisa.Deixe uma avaliação sobre o anúncio  ZTGD 14,1"" Extensor De Tela De Laptop, 1920 x 1080FHD IPS Monitor Portátil, Monitor Duplo Dobrável Para Laptops, Extensor De Monitor De Laptop Plug and Play Conectado Com Type-c/hdmi, Compatível Com PC/Telefone Celular (14,1"")","R$ 539,90R$539,90",2023-07-29
PatrocinadoPatrocinado Você está vendo este anúncio com base na relevância do produto para sua consulta de pesquisa.Deixe uma avaliação sobre o anúncio  Suporte para Monitor Articulado Elements Armstrong Duo White,"R$ 699,00R$699,00",2023-07-29
"PatrocinadoPatrocinado Você está vendo este anúncio com base na relevância do produto para sua consulta de pesquisa.Deixe uma avaliação sobre o anúncio  Computador Flex Computer Intel Core i5 8GB HD 500Gb Com Kit Monitor 19""","R$ 832,22R$832,22",2023-07-29
"PatrocinadoPatrocinado Você está vendo este anúncio com base na relevância do produto para sua consulta de pesquisa.Deixe uma avaliação sobre o anúncio  Luz de monitor de laptop, temperatura de cor e brilho ajustáveis, sem brilho de tela, luz de cuidados com a saúde ocular, carregada por USB.","R$ 619,00R$619,00",2023-07-29
Monitor Gamer Primetek 27h2g 27 Full Hd Led Hdmi Displayport 165hz,"R$ 689,00R$689,00",2023-07-29
"Monitor 19.5"" LED Ergonômico Ajuste de altura, rotação vertical, rotação horizontal, inclinação, Widescreen, 2ms, 75Hz, HD+, HDMI, VESA, HQ Pro 195HQA","R$ 399,00R$399,00",2023-07-29
"MONITOR SAMSUNG 22"" FHD HDMI VGA 60HZ PRETO - LS22A33ANHLXZD – SAMSUNG","R$ 439,90R$439,90",2023-07-29
"Monitor Gamer LG Ultragear 24ML600M - 23.8"" Full HD IPS, 2 HDMI, FreeSync, 1ms GtG, FreeSync","R$ 2.899,00R$2.899,00",2023-07-29
"Monitor Dell 27"" S2721HN","R$ 3.199,00R$3.199,00",2023-07-29
"Monitor Gamer AOC Hero 24"" 144Hz IPS 1ms AMD FreeSync 24G2","R$ 1.136,56R$1.136,56",2023-07-29
Monitor 23.8” Dell S2421HN,"R$ 1.229,90R$1.229,90",2023-07-29
"Samsung T350 - Monitor Gamer 27"" FHD,75Hz, HDMI, VGA, Freesync, Preto","R$ 579,00R$579,00",2023-07-29
"Monitor Gamer Pichau Athen V2S, 24 Pol. IPS, FHD, 1ms, 144Hz, FreeSync, HDMI/DP, PG-ATHV2S24-BL01","R$ 629,90R$629,90",2023-07-29
"Monitor Primetek 22h2f 21,5 Led Vga Hdmi Ful Hd 75hz","R$ 681,67R$681,67",2023-07-29
"Monitor Gamer AOC Agon 32"" Curvo 165Hz 1ms FreeSync AG323FCXE","R$ 359,00R$359,00",2023-07-29
"MONITOR LED 17.1"" HDMI WIDSCREEN AJUSRE DE ÂNGULO VESA 75HZ","R$ 389,00R$389,00",2023-07-29
"Monitor PCTOP 19"" 60Hz Hd 1440 X 900 5Ms Led Widescreen Vga Hdmi Furação Vesa Bivolt - Mlp190Hdmi Preta","R$ 849,99R$849,99",2023-07-29
"Mon Led 17.1"" HDMI Full Screen ajuste de ângulo VESA 75Hz HQ Screen 17SHQ-led","R$ 657,00R$657,00",2023-07-29
"Monitor LG Ultrawide 29WL500-29"", 21:9 IPS, HDMI, HDR10, Screen Split 2.0, Preto","R$ 699,00R$699,00",2023-07-29
"Monitor Gamer Curvo Mancer Valak, 23.6 Pol VA, FHD, 1ms, 180Hz, FreeSync e G-Sync, HDMI/DP, MCR-VLK24-BL01","R$ 1.229,90R$1.229,90",2023-07-29
"Monitor Philips 27"" IPS LED HDMI Bordas Ultrafinas 272V8A","R$ 1.291,90R$1.291,90",2023-07-29
"PHILIPS Monitor 23,8"" LED IPS HDMI Bordas Ultrafinas 242V8A, PRETO, GRANDE","R$ 109,00R$109,00",2023-07-29
"Samsung Monitor 21,5 S22F350Fhl Preto Brilhante","R$ 849,00R$849,00",2023-07-29
"Monitor Gamer Primetek 24h2g 23,8 Full Hd Led Hdmi Displayport 165hz","R$ 999,00R$999,00",2023-07-29
"Monitor LG Widescreen 22MK400H - 21, 5” LED TN Full HD, HDMI, Ajuste de Inclinação, Flicker Safe","R$ 499,00R$499,00",2023-07-29
Monitor Gamer AOC VIPER 24 165Hz 1ms VA 24G2SE,"R$ 524,00R$524,00",2023-07-29
"Samsung Monitor Uhd 28"" Flat","R$ 579,00R$579,00",2023-07-29
"Monitor Gamer AOC LEGEND 27 240Hz 0,5ms, Preta/Vermelho, MEDIO, C27G2ZE","R$ 771,10R$771,10",2023-07-29
"Monitor Gamer TGT Altay T3H, 23.8 Pol. VA, FHD, 1ms, 165Hz, Freesync, HDMI/DP, TGT-ATT3H-BL01","R$ 864,23R$864,23",2023-07-29
"Monitor AOC 19,5 LED 20E1H / HDMI/VGA/VESA","R$ 1.199,00R$1.199,00",2023-07-29
"Monitor Extream 19"", Led, Hd, 5ms, Hdmi, Vga, Vesa, Ajuste de Angulo","R$ 1.199,00R$1.199,00",2023-07-29
"MONITOR GAMER LG 27"" IPS FULL HD 75HZ AJUSTE DE INCLINAÇĂO AMD FREESYNC ONSCREEN CONTROL BORDAS FINAS – 27MP400-B.AWZM - LG","R$ 1.369,00R$1.369,00",2023-07-29
"Monitor Gamer Samsung 22"" FHD,75Hz, HDMI, VGA, Freesync, Preto, Série T350","R$ 869,00R$869,00",2023-07-29
"Monitor Gamer AOC SNIPER 27"" 75Hz IPS 1ms","R$ 998,00R$998,00",2023-07-29
"Monitor IPS LG 29WK600-W 29"" UltraWide 21:9 WFHD (2560 x 1080) com HDR10 e FreeSync, preto","R$ 890,00R$890,00",2023-07-29
"MONITOR SAMSUNG ODYSSEY G30 24""","R$ 1.199,00R$1.199,00",2023-07-29
PatrocinadoPatrocinado Você está vendo este anúncio com base na relevância do produto para sua consulta de pesquisa.Deixe uma avaliação sobre o anúncio  C3Tech Caixa de som SP-301BK Preto - Sistema de audio 2.0 P2 Com Blindagem Eletromagnética alimentacao via porta USB,"R$ 829,90R$829,90",2023-07-29
"PatrocinadoPatrocinado Você está vendo este anúncio com base na relevância do produto para sua consulta de pesquisa.Deixe uma avaliação sobre o anúncio  YOZUMD Extensor de tela para laptop de 14,1 polegadas, monitor portátil 1080FHD, extensor de monitor para laptop plug and play, monitor externo HDMI, notebook portátil, tela de expansão para telefone, tablet (Black)","R$ 479,00R$479,00",2023-07-29
"PatrocinadoPatrocinado Você está vendo este anúncio com base na relevância do produto para sua consulta de pesquisa.Deixe uma avaliação sobre o anúncio  XENCELABS Teclas Rápidas Para Tablet Com Caneta, Monitores Com Caneta, 40 Teclas De Atalho Personalizáveis, Tela Oled, Com Ou Sem Fio Usado Para Macos, Windows E Linux","R$ 1.529,10R$1.529,10",2023-07-29
PatrocinadoPatrocinado Você está vendo este anúncio com base na relevância do produto para sua consulta de pesquisa.Deixe uma avaliação sobre o anúncio  Logitech C270 - Webcam HD com Microfone Embutido e 3 MP para Chamadas e Gravações em Vídeo Widescreen,"R$ 1.799,00R$1.799,00",2023-07-29
